{
  "local_dimension": {
    "mean": 9.462160054304574,
    "std": 3.792005609817728,
    "min": 2.4689216384741544,
    "max": 55.872811910396656,
    "median": 8.745563480263424
  },
  "silhouette_score": 0.36715763807296753,
  "trustworthiness": 1.0,
  "num_samples": 12000,
  "embedding_dim": 128,
  "num_classes": 10
}