{
  "accuracy": 0.9834166666666667,
  "auc": 0.9996949828593438,
  "f1": 0.9832979147891839,
  "recall": 0.9832144272601548,
  "precision": 0.983431337642321
}